sig_market_id,event,sig_url,kalshi_url,kalshi_market_id,polymarket_url,polymarket_market_id,status
388,Will the Republican Party win the Rhode Island Senate?,https://sig.thesuper.market/markets/388,https://kalshi.com/markets/senateri/senateri-26,SENATERI-26-R,https://polymarket.com/event/rhode-island-senate-election-winner/will-the-republicans-win-the-rhode-island-senate-race-in-2026,630912,Both venue candidates; review
387,Will the Democratic Party win the Rhode Island Senate?,https://sig.thesuper.market/markets/387,https://kalshi.com/markets/senateri/senateri-26,SENATERI-26-D,https://polymarket.com/event/rhode-island-senate-election-winner/will-the-democrats-win-the-rhode-island-senate-race-in-2026,630911,Both venue candidates; review
386,Will the Republican Party win the Delaware Senate?,https://sig.thesuper.market/markets/386,https://kalshi.com/markets/senatede/senatede-26,SENATEDE-26-R,https://polymarket.com/event/delaware-senate-election-winner/will-the-republicans-win-the-delaware-senate-race-in-2026,630680,Both venue candidates; review
385,Will the Republican Party win the Rhode Island Governor?,https://sig.thesuper.market/markets/385,https://kalshi.com/markets/govpartyri/govpartyri-26,GOVPARTYRI-26-R,https://polymarket.com/event/rhode-island-governor-winner-2026/will-the-republicans-win-the-rhode-island-governor-race-in-2026,629628,Both venue candidates; review
384,Will the Democratic Party win the Rhode Island Governor?,https://sig.thesuper.market/markets/384,https://kalshi.com/markets/govpartyri/govpartyri-26,GOVPARTYRI-26-D,https://polymarket.com/event/rhode-island-governor-winner-2026/will-the-democrats-win-the-rhode-island-governor-race-in-2026,629627,Both venue candidates; review
383,Will the Democratic Party win the Oklahoma Senate?,https://sig.thesuper.market/markets/383,https://kalshi.com/markets/senateok/senateok-26,SENATEOK-26-D,https://polymarket.com/event/oklahoma-senate-election-winner/will-the-democrats-win-the-oklahoma-senate-race-in-2026,631030,Both venue candidates; review
382,Will the Republican Party win the New Hampshire Senate?,https://sig.thesuper.market/markets/382,https://kalshi.com/markets/senatenh/senatenh-26,SENATENH-26-R,https://polymarket.com/event/new-hampshire-senate-election-winner/will-the-republicans-win-the-new-hampshire-senate-race-in-2026,630845,Both venue candidates; review
381,Will the Democratic Party win the New Hampshire Senate?,https://sig.thesuper.market/markets/381,https://kalshi.com/markets/senatenh/senatenh-26,SENATENH-26-D,https://polymarket.com/event/new-hampshire-senate-election-winner/will-the-democrats-win-the-new-hampshire-senate-race-in-2026,630844,Both venue candidates; review
380,Will the Republican Party win the Massachusetts Senate?,https://sig.thesuper.market/markets/380,https://kalshi.com/markets/senatema/senatema-26,SENATEMA-26-R,https://polymarket.com/event/massachusetts-senate-election-winner/will-the-republicans-win-the-massachusetts-senate-race-in-2026,630791,Both venue candidates; review
379,Will the Democratic Party win the Massachusetts Senate?,https://sig.thesuper.market/markets/379,https://kalshi.com/markets/senatema/senatema-26,SENATEMA-26-D,https://polymarket.com/event/massachusetts-senate-election-winner/will-the-democrats-win-the-massachusetts-senate-race-in-2026,630790,Both venue candidates; review
378,Will the Republican Party win the Alaska Senate?,https://sig.thesuper.market/markets/378,https://kalshi.com/markets/senateak/senateak-26,SENATEAK-26-R,,,Kalshi candidate; Polymarket unresolved
377,Will the Democratic Party win the Alaska Senate?,https://sig.thesuper.market/markets/377,https://kalshi.com/markets/senateak/senateak-26,SENATEAK-26-D,,,Kalshi candidate; Polymarket unresolved
376,Will the Republican Party win the NH-01 House race?,https://sig.thesuper.market/markets/376,https://kalshi.com/markets/housenh1/housenh1-26,HOUSENH1-26-R,https://polymarket.com/event/nh-01-house-election-winner/will-the-republican-party-win-the-nh-01-house-seat,942909,Both venue candidates; review
375,Will the Democratic Party win the NH-01 House race?,https://sig.thesuper.market/markets/375,,,https://polymarket.com/event/nh-01-house-election-winner/will-the-democratic-party-win-the-nh-01-house-seat,942910,Polymarket candidate; Kalshi unresolved
374,Will the Republican Party win the Oklahoma Governor?,https://sig.thesuper.market/markets/374,https://kalshi.com/markets/govpartyok/govpartyok-26,GOVPARTYOK-26-R,https://polymarket.com/event/oklahoma-governor-winner-2026/will-the-republicans-win-the-oklahoma-governor-race-in-2026,629571,Both venue candidates; review
373,Will the Republican Party win the New Hampshire Governor?,https://sig.thesuper.market/markets/373,https://kalshi.com/markets/govpartynh/govpartynh-28,GOVPARTYNH-28-R,https://polymarket.com/event/new-hampshire-governor-winner-2026/will-the-republicans-win-the-new-hampshire-governor-race-in-2026,629519,Both venue candidates; review
372,Will the Democratic Party win the New Hampshire Governor?,https://sig.thesuper.market/markets/372,https://kalshi.com/markets/govpartynh/govpartynh-28,GOVPARTYNH-28-D,https://polymarket.com/event/new-hampshire-governor-winner-2026/will-the-democrats-win-the-new-hampshire-governor-race-in-2026,629518,Both venue candidates; review
371,Will the Republican Party win the Massachusetts Governor?,https://sig.thesuper.market/markets/371,https://kalshi.com/markets/govpartyma/govpartyma-26,GOVPARTYMA-26-R,https://polymarket.com/event/massachusetts-governor-winner-2026/will-the-republicans-win-the-massachusetts-governor-race-in-2026,629452,Both venue candidates; review
370,Will the Democratic Party win the Massachusetts Governor?,https://sig.thesuper.market/markets/370,https://kalshi.com/markets/govpartyma/govpartyma-26,GOVPARTYMA-26-D,https://polymarket.com/event/massachusetts-governor-winner-2026/will-the-democrats-win-the-massachusetts-governor-race-in-2026,629451,Both venue candidates; review
369,Will the Republican Party win the Alaska Governor?,https://sig.thesuper.market/markets/369,,,,,No venue match found
368,Will the Democratic Party win the Alaska Governor?,https://sig.thesuper.market/markets/368,,,,,No venue match found
366,Will the Republican Party win the Wyoming Senate?,https://sig.thesuper.market/markets/366,https://kalshi.com/markets/senatewy/senatewy-26,SENATEWY-26-R,https://polymarket.com/event/wyoming-senate-election-winner/will-the-republicans-win-the-wyoming-senate-race-in-2026,631003,Both venue candidates; review
365,Will the Democratic Party win the Wyoming Senate?,https://sig.thesuper.market/markets/365,https://kalshi.com/markets/senatewy/senatewy-26,SENATEWY-26-D,https://polymarket.com/event/wyoming-senate-election-winner/will-the-democrats-win-the-wyoming-senate-race-in-2026,631002,Both venue candidates; review
364,Will the Republican Party win the Virginia Senate?,https://sig.thesuper.market/markets/364,https://kalshi.com/markets/senateva/senateva-26,SENATEVA-26-R,https://polymarket.com/event/virginia-senate-election-winner/will-the-republicans-win-the-virginia-senate-race-in-2026,630977,Both venue candidates; review
363,Will the Republican Party win the Tennessee Senate?,https://sig.thesuper.market/markets/363,https://kalshi.com/markets/senatetn/senatetn-26,SENATETN-26-R,https://polymarket.com/event/tennessee-senate-election-winner/will-the-republicans-win-the-tennessee-senate-race-in-2026,630951,Both venue candidates; review
362,Will the Democratic Party win the Tennessee Senate?,https://sig.thesuper.market/markets/362,https://kalshi.com/markets/senatetn/senatetn-26,SENATETN-26-D,https://polymarket.com/event/tennessee-senate-election-winner/will-the-democrats-win-the-tennessee-senate-race-in-2026,630950,Both venue candidates; review
361,Will the Republican Party win the Minnesota Senate?,https://sig.thesuper.market/markets/361,https://kalshi.com/markets/senatemn/senatemn-26,SENATEMN-26-R,https://polymarket.com/event/minnesota-senate-election-winner/will-the-republicans-win-the-minnesota-senate-race-in-2026,630819,Both venue candidates; review
360,Will the Democratic Party win the Minnesota Senate?,https://sig.thesuper.market/markets/360,https://kalshi.com/markets/senatemn/senatemn-26,SENATEMN-26-D,https://polymarket.com/event/minnesota-senate-election-winner/will-the-democrats-win-the-minnesota-senate-race-in-2026,630818,Both venue candidates; review
359,Will the Republican Party win the Michigan Senate?,https://sig.thesuper.market/markets/359,https://kalshi.com/markets/senatemi/senatemi-26,SENATEMI-26-R,https://polymarket.com/event/michigan-senate-election-winner/will-the-republicans-win-the-michigan-senate-race-in-2026,630806,Both venue candidates; review
358,Will the Democratic Party win the Michigan Senate?,https://sig.thesuper.market/markets/358,https://kalshi.com/markets/senatemi/senatemi-26,SENATEMI-26-D,https://polymarket.com/event/michigan-senate-election-winner/will-the-democrats-win-the-michigan-senate-race-in-2026,630805,Both venue candidates; review
357,Will the Republican Party win the Kansas Senate?,https://sig.thesuper.market/markets/357,https://kalshi.com/markets/senateks/senateks-26,SENATEKS-26-R,https://polymarket.com/event/kansas-senate-election-winner/will-the-republicans-win-the-kansas-senate-race-in-2026,630747,Both venue candidates; review
356,Will the Democratic Party win the Kansas Senate?,https://sig.thesuper.market/markets/356,https://kalshi.com/markets/senateks/senateks-26,SENATEKS-26-D,https://polymarket.com/event/kansas-senate-election-winner/will-the-democrats-win-the-kansas-senate-race-in-2026,630746,Both venue candidates; review
355,Will the Republican Party win the Florida Senate?,https://sig.thesuper.market/markets/355,https://kalshi.com/markets/senatefls/senatefls-26,SENATEFLS-26-R,https://polymarket.com/event/florida-senate-election-winner/will-the-republicans-win-the-florida-senate-race-in-2026,631045,Both venue candidates; review
354,Will the Democratic Party win the Florida Senate?,https://sig.thesuper.market/markets/354,https://kalshi.com/markets/senatefls/senatefls-26,SENATEFLS-26-D,https://polymarket.com/event/florida-senate-election-winner/will-the-democrats-win-the-florida-senate-race-in-2026,631044,Both venue candidates; review
353,Will the Democratic Party win the Delaware Senate?,https://sig.thesuper.market/markets/353,https://kalshi.com/markets/senatede/senatede-26,SENATEDE-26-D,https://polymarket.com/event/delaware-senate-election-winner/will-the-democrats-win-the-delaware-senate-race-in-2026,630679,Both venue candidates; review
352,Will the Republican Party win the WI-03 House race?,https://sig.thesuper.market/markets/352,https://kalshi.com/markets/housewi3/housewi3-26,HOUSEWI3-26-R,https://polymarket.com/event/wi-03-house-election-winner/will-the-republican-party-win-the-wi-03-house-seat,944341,Both venue candidates; review
351,Will the Democratic Party win the WI-03 House race?,https://sig.thesuper.market/markets/351,,,https://polymarket.com/event/wi-03-house-election-winner/will-the-democratic-party-win-the-wi-03-house-seat,944342,Polymarket candidate; Kalshi unresolved
350,Will the Republican Party win the WI-01 House race?,https://sig.thesuper.market/markets/350,https://kalshi.com/markets/housewi1/housewi1-26,HOUSEWI1-26-R,https://polymarket.com/event/wi-01-house-election-winner/will-the-republican-party-win-the-wi-01-house-seat,944333,Both venue candidates; review
349,Will the Democratic Party win the WI-01 House race?,https://sig.thesuper.market/markets/349,https://kalshi.com/markets/housewi1/housewi1-26,HOUSEWI1-26-D,https://polymarket.com/event/wi-01-house-election-winner/will-the-democratic-party-win-the-wi-01-house-seat,944334,Both venue candidates; review
348,Will the Republican Party win the WA-03 House race?,https://sig.thesuper.market/markets/348,https://kalshi.com/markets/housewa3/housewa3-26,HOUSEWA3-26-R,https://polymarket.com/event/wa-03-house-election-winner/will-the-republican-party-win-the-wa-03-house-seat,944313,Both venue candidates; review
347,Will the Democratic Party win the WA-03 House race?,https://sig.thesuper.market/markets/347,https://kalshi.com/markets/housewa3/housewa3-26,HOUSEWA3-26-D,https://polymarket.com/event/wa-03-house-election-winner/will-the-democratic-party-win-the-wa-03-house-seat,944314,Both venue candidates; review
346,Will the Republican Party win the VA-07 House race?,https://sig.thesuper.market/markets/346,https://kalshi.com/markets/houseva7/houseva7-26,HOUSEVA7-26-R,https://polymarket.com/event/va-07-house-election-winner/will-the-republican-party-win-the-va-07-house-seat,944297,Both venue candidates; review
345,Will the Republican Party win the VA-05 House race?,https://sig.thesuper.market/markets/345,,,,,No venue match found
344,Will the Democratic Party win the VA-05 House race?,https://sig.thesuper.market/markets/344,,,,,No venue match found
343,Will the Democratic Party win the VA-02 House race?,https://sig.thesuper.market/markets/343,https://kalshi.com/markets/houseva2/houseva2-26,HOUSEVA2-26-D,https://polymarket.com/event/va-02-house-election-winner/will-the-democratic-party-win-the-va-02-house-seat,944290,Both venue candidates; review
342,Will the Democratic Party win the VA-01 House race?,https://sig.thesuper.market/markets/342,https://kalshi.com/markets/houseva1/houseva1-26,HOUSEVA1-26-D,https://polymarket.com/event/va-01-house-election-winner/will-the-democratic-party-win-the-va-01-house-seat,944282,Both venue candidates; review
341,Will the Republican Party win the TN-05 House race?,https://sig.thesuper.market/markets/341,,,,,No venue match found
340,Will the Democratic Party win the TN-05 House race?,https://sig.thesuper.market/markets/340,,,,,No venue match found
339,Will the Republican Party win the MN-05 House race?,https://sig.thesuper.market/markets/339,,,,,No venue match found
338,Will the Democratic Party win the MN-05 House race?,https://sig.thesuper.market/markets/338,,,,,No venue match found
337,Will the Republican Party win the MN-02 House race?,https://sig.thesuper.market/markets/337,https://kalshi.com/markets/housemn2/housemn2-26,HOUSEMN2-26-R,https://polymarket.com/event/mn-02-house-election-winner/will-the-republican-party-win-the-mn-02-house-seat,942819,Both venue candidates; review
336,Will the Democratic Party win the MN-02 House race?,https://sig.thesuper.market/markets/336,,,https://polymarket.com/event/mn-02-house-election-winner/will-the-democratic-party-win-the-mn-02-house-seat,942820,Polymarket candidate; Kalshi unresolved
335,Will the Republican Party win the MN-01 House race?,https://sig.thesuper.market/markets/335,,,,,No venue match found
334,Will the Democratic Party win the MN-01 House race?,https://sig.thesuper.market/markets/334,,,,,No venue match found
333,Will the Republican Party win the MI-10 House race?,https://sig.thesuper.market/markets/333,https://kalshi.com/markets/housemi10/housemi10-26,HOUSEMI10-26-R,https://polymarket.com/event/mi-10-house-election-winner/will-the-republican-party-win-the-mi-10-house-seat,942774,Both venue candidates; review
332,Will the Democratic Party win the MI-10 House race?,https://sig.thesuper.market/markets/332,https://kalshi.com/markets/housemi10/housemi10-26,HOUSEMI10-26-D,https://polymarket.com/event/mi-10-house-election-winner/will-the-democratic-party-win-the-mi-10-house-seat,942776,Both venue candidates; review
331,Will the Republican Party win the MI-07 House race?,https://sig.thesuper.market/markets/331,https://kalshi.com/markets/housemi7/housemi7-26,HOUSEMI7-26-R,https://polymarket.com/event/mi-07-house-election-winner/will-the-republican-party-win-the-mi-07-house-seat,942721,Both venue candidates; review
330,Will the Democratic Party win the MI-07 House race?,https://sig.thesuper.market/markets/330,https://kalshi.com/markets/housemi7/housemi7-26,HOUSEMI7-26-D,https://polymarket.com/event/mi-07-house-election-winner/will-the-democratic-party-win-the-mi-07-house-seat,942722,Both venue candidates; review
329,Will the Republican Party win the FL-22 House race?,https://sig.thesuper.market/markets/329,,,,,No venue match found
328,Will the Democratic Party win the FL-22 House race?,https://sig.thesuper.market/markets/328,,,,,No venue match found
327,Will the Republican Party win the FL-20 House race?,https://sig.thesuper.market/markets/327,,,,,No venue match found
326,Will the Democratic Party win the FL-20 House race?,https://sig.thesuper.market/markets/326,,,,,No venue match found
325,Will the Republican Party win the FL-16 House race?,https://sig.thesuper.market/markets/325,,,,,No venue match found
324,Will the Democratic Party win the FL-16 House race?,https://sig.thesuper.market/markets/324,,,,,No venue match found
323,Will the Democratic Party win the FL-13 House race?,https://sig.thesuper.market/markets/323,https://kalshi.com/markets/housefl13/housefl13-26,HOUSEFL13-26-D,https://polymarket.com/event/fl-13-house-election-winner/will-the-democratic-party-win-the-fl-13-house-seat,942401,Both venue candidates; review
322,Will the Republican Party win the FL-09 House race?,https://sig.thesuper.market/markets/322,,,,,No venue match found
321,Will the Republican Party win the FL-07 House race?,https://sig.thesuper.market/markets/321,,,,,No venue match found
320,Will the Democratic Party win the FL-07 House race?,https://sig.thesuper.market/markets/320,,,,,No venue match found
319,Will the Republican Party win the AL-02 House race?,https://sig.thesuper.market/markets/319,,,,,No venue match found
318,Will the Democratic Party win the AL-02 House race?,https://sig.thesuper.market/markets/318,,,,,No venue match found
317,Will the Republican Party win the Wyoming Governor?,https://sig.thesuper.market/markets/317,https://kalshi.com/markets/govpartywy/govpartywy-26,GOVPARTYWY-26-R,https://polymarket.com/event/wyoming-governor-winner-2026/will-the-republicans-win-the-wyoming-governor-race-in-2026,629734,Both venue candidates; review
316,Will the Democratic Party win the Wyoming Governor?,https://sig.thesuper.market/markets/316,https://kalshi.com/markets/govpartywy/govpartywy-26,GOVPARTYWY-26-D,https://polymarket.com/event/wyoming-governor-winner-2026/will-the-democrats-win-the-wyoming-governor-race-in-2026,629733,Both venue candidates; review
315,Will the Republican Party win the Wisconsin Governor?,https://sig.thesuper.market/markets/315,https://kalshi.com/markets/govpartywi/govpartywi-26,GOVPARTYWI-26-R,https://polymarket.com/event/wisconsin-governor-winner-2026/will-the-republicans-win-the-wisconsin-governor-race-in-2026,629721,Both venue candidates; review
314,Will the Democratic Party win the Wisconsin Governor?,https://sig.thesuper.market/markets/314,https://kalshi.com/markets/govpartywi/govpartywi-26,GOVPARTYWI-26-D,https://polymarket.com/event/wisconsin-governor-winner-2026/will-the-democrats-win-the-wisconsin-governor-race-in-2026,629720,Both venue candidates; review
313,Will the Republican Party win the Vermont Governor?,https://sig.thesuper.market/markets/313,https://kalshi.com/markets/govpartyvt/govpartyvt-26,GOVPARTYVT-26-R,https://polymarket.com/event/vermont-governor-winner-2026/will-the-republicans-win-the-vermont-governor-race-in-2026,629708,Both venue candidates; review
312,Will the Democratic Party win the Vermont Governor?,https://sig.thesuper.market/markets/312,https://kalshi.com/markets/govpartyvt/govpartyvt-26,GOVPARTYVT-26-D,https://polymarket.com/event/vermont-governor-winner-2026/will-the-democrats-win-the-vermont-governor-race-in-2026,629707,Both venue candidates; review
311,Will the Republican Party win the Tennessee Governor?,https://sig.thesuper.market/markets/311,https://kalshi.com/markets/govpartytn/govpartytn-26,GOVPARTYTN-26-R,https://polymarket.com/event/tennessee-governor-winner-2026/will-the-republicans-win-the-tennessee-governor-race-in-2026,629667,Both venue candidates; review
310,Will the Democratic Party win the Tennessee Governor?,https://sig.thesuper.market/markets/310,https://kalshi.com/markets/govpartytn/govpartytn-26,GOVPARTYTN-26-D,https://polymarket.com/event/tennessee-governor-winner-2026/will-the-democrats-win-the-tennessee-governor-race-in-2026,629666,Both venue candidates; review
309,Will the Republican Party win the South Dakota Governor?,https://sig.thesuper.market/markets/309,https://kalshi.com/markets/govpartysd/govpartysd-26,GOVPARTYSD-26-R,https://polymarket.com/event/south-dakota-governor-winner-2026/will-the-republicans-win-the-south-dakota-governor-race-in-2026,629654,Both venue candidates; review
308,Will the Republican Party win the Minnesota Governor?,https://sig.thesuper.market/markets/308,https://kalshi.com/markets/govpartymn/govpartymn-26,GOVPARTYMN-26-R,https://polymarket.com/event/minnesota-governor-winner-2026/will-the-republicans-win-the-minnesota-governor-race-in-2026,629478,Both venue candidates; review
307,Will the Democratic Party win the Minnesota Governor?,https://sig.thesuper.market/markets/307,https://kalshi.com/markets/govpartymn/govpartymn-26,GOVPARTYMN-26-D,https://polymarket.com/event/minnesota-governor-winner-2026/will-the-democrats-win-the-minnesota-governor-race-in-2026,629477,Both venue candidates; review
306,Will the Republican Party win the Michigan Governor?,https://sig.thesuper.market/markets/306,https://kalshi.com/markets/govpartymi/govpartymi-26,GOVPARTYMI-26-R,https://polymarket.com/event/michigan-governor-winner-2026/will-the-republicans-win-the-michigan-governor-race-in-2026,629465,Both venue candidates; review
305,Will the Democratic Party win the Michigan Governor?,https://sig.thesuper.market/markets/305,https://kalshi.com/markets/govpartymi/govpartymi-26,GOVPARTYMI-26-D,https://polymarket.com/event/michigan-governor-winner-2026/will-the-democrats-win-the-michigan-governor-race-in-2026,629464,Both venue candidates; review
304,Will the Republican Party win the Kansas Governor?,https://sig.thesuper.market/markets/304,,,https://polymarket.com/event/kansas-governor-winner-2026/will-the-republicans-win-the-kansas-governor-race-in-2026,629413,Polymarket candidate; Kalshi unresolved
303,Will the Democratic Party win the Kansas Governor?,https://sig.thesuper.market/markets/303,,,https://polymarket.com/event/kansas-governor-winner-2026/will-the-democrats-win-the-kansas-governor-race-in-2026,629412,Polymarket candidate; Kalshi unresolved
302,Will the Republican Party win the Hawaii Governor?,https://sig.thesuper.market/markets/302,https://kalshi.com/markets/govpartyhi/govpartyhi-26,GOVPARTYHI-26-R,https://polymarket.com/event/hawaii-governor-winner-2026/will-the-republicans-win-the-hawaii-governor-race-in-2026,629351,Both venue candidates; review
301,Will the Democratic Party win the Hawaii Governor?,https://sig.thesuper.market/markets/301,https://kalshi.com/markets/govpartyhi/govpartyhi-26,GOVPARTYHI-26-D,https://polymarket.com/event/hawaii-governor-winner-2026/will-the-democrats-win-the-hawaii-governor-race-in-2026,629350,Both venue candidates; review
300,Will the Republican Party win the Florida Governor?,https://sig.thesuper.market/markets/300,https://kalshi.com/markets/govpartyfl/govpartyfl-26,GOVPARTYFL-26-R,https://polymarket.com/event/florida-governor-winner-2026/will-the-republicans-win-the-florida-governor-race-in-2026,629325,Both venue candidates; review
299,Will the Democratic Party win the Florida Governor?,https://sig.thesuper.market/markets/299,https://kalshi.com/markets/govpartyfl/govpartyfl-26,GOVPARTYFL-26-D,https://polymarket.com/event/florida-governor-winner-2026/will-the-democrats-win-the-florida-governor-race-in-2026,629324,Both venue candidates; review
298,Will the Democratic Party win the Connecticut Governor?,https://sig.thesuper.market/markets/298,https://kalshi.com/markets/govpartyct/govpartyct-26,GOVPARTYCT-26-D,https://polymarket.com/event/connecticut-governor-winner-2026/will-the-democrats-win-the-connecticut-governor-race-in-2026,629311,Both venue candidates; review
297,Will the Republican Party win the West Virginia Senate?,https://sig.thesuper.market/markets/297,https://kalshi.com/markets/senatewv/senatewv-26,SENATEWV-26-R,https://polymarket.com/event/west-virginia-senate-election-winner/will-the-republicans-win-the-west-virginia-senate-race-in-2026,630990,Both venue candidates; review
296,Will the Democratic Party win the West Virginia Senate?,https://sig.thesuper.market/markets/296,https://kalshi.com/markets/senatewv/senatewv-26,SENATEWV-26-D,https://polymarket.com/event/west-virginia-senate-election-winner/will-the-democrats-win-the-west-virginia-senate-race-in-2026,630989,Both venue candidates; review
295,Will the Democratic Party win the Virginia Senate?,https://sig.thesuper.market/markets/295,https://kalshi.com/markets/senateva/senateva-26,SENATEVA-26-D,https://polymarket.com/event/virginia-senate-election-winner/will-the-democrats-win-the-virginia-senate-race-in-2026,630976,Both venue candidates; review
294,Will the Republican Party win the Texas Senate?,https://sig.thesuper.market/markets/294,https://kalshi.com/markets/senatetx/senatetx-26,SENATETX-26-R,https://polymarket.com/event/texas-senate-election-winner/will-the-republicans-win-the-texas-senate-race-in-2026,630964,Both venue candidates; review
293,Will the Democratic Party win the Texas Senate?,https://sig.thesuper.market/markets/293,https://kalshi.com/markets/senatetx/senatetx-26,SENATETX-26-D,https://polymarket.com/event/texas-senate-election-winner/will-the-democrats-win-the-texas-senate-race-in-2026,630963,Both venue candidates; review
292,Will the Republican Party win the South Dakota Senate?,https://sig.thesuper.market/markets/292,https://kalshi.com/markets/senatesd/senatesd-26,SENATESD-26-R,https://polymarket.com/event/south-dakota-senate-election-winner/will-the-republicans-win-the-south-dakota-senate-race-in-2026,630938,Both venue candidates; review
291,Will the Democratic Party win the South Dakota Senate?,https://sig.thesuper.market/markets/291,https://kalshi.com/markets/senatesd/senatesd-26,SENATESD-26-D,https://polymarket.com/event/south-dakota-senate-election-winner/will-the-democrats-win-the-south-dakota-senate-race-in-2026,630937,Both venue candidates; review
290,Will the Republican Party win the South Carolina Senate?,https://sig.thesuper.market/markets/290,https://kalshi.com/markets/senatesc/senatesc-26,SENATESC-26-R,https://polymarket.com/event/south-carolina-senate-election-winner/will-the-republicans-win-the-south-carolina-senate-race-in-2026,630925,Both venue candidates; review
289,Will the Democratic Party win the South Carolina Senate?,https://sig.thesuper.market/markets/289,https://kalshi.com/markets/senatesc/senatesc-26,SENATESC-26-D,https://polymarket.com/event/south-carolina-senate-election-winner/will-the-democrats-win-the-south-carolina-senate-race-in-2026,630924,Both venue candidates; review
288,Will the Republican Party win the Oregon Senate?,https://sig.thesuper.market/markets/288,https://kalshi.com/markets/senateor/senateor-26,SENATEOR-26-R,https://polymarket.com/event/oregon-senate-election-winner/will-the-republicans-win-the-oregon-senate-race-in-2026,630899,Both venue candidates; review
287,Will the Democratic Party win the Oregon Senate?,https://sig.thesuper.market/markets/287,https://kalshi.com/markets/senateor/senateor-26,SENATEOR-26-D,https://polymarket.com/event/oregon-senate-election-winner/will-the-democrats-win-the-oregon-senate-race-in-2026,630898,Both venue candidates; review
286,Will the Republican Party win the Oklahoma Senate?,https://sig.thesuper.market/markets/286,https://kalshi.com/markets/senateok/senateok-26,SENATEOK-26-R,https://polymarket.com/event/oklahoma-senate-election-winner/will-the-republicans-win-the-oklahoma-senate-race-in-2026,631031,Both venue candidates; review
285,Will the Republican Party win the New Mexico Senate?,https://sig.thesuper.market/markets/285,https://kalshi.com/markets/senatenm/senatenm-26,SENATENM-26-R,https://polymarket.com/event/new-mexico-senate-election-winner/will-the-republicans-win-the-new-mexico-senate-race-in-2026,630871,Both venue candidates; review
284,Will the Democratic Party win the New Mexico Senate?,https://sig.thesuper.market/markets/284,https://kalshi.com/markets/senatenm/senatenm-26,SENATENM-26-D,https://polymarket.com/event/new-mexico-senate-election-winner/will-the-democrats-win-the-new-mexico-senate-race-in-2026,630870,Both venue candidates; review
283,Will the Republican Party win the New Jersey Senate?,https://sig.thesuper.market/markets/283,https://kalshi.com/markets/senatenj/senatenj-26,SENATENJ-26-R,https://polymarket.com/event/new-jersey-senate-election-winner/will-the-republicans-win-the-new-jersey-senate-race-in-2026,630858,Both venue candidates; review
282,Will the Democratic Party win the New Jersey Senate?,https://sig.thesuper.market/markets/282,https://kalshi.com/markets/senatenj/senatenj-26,SENATENJ-26-D,https://polymarket.com/event/new-jersey-senate-election-winner/will-the-democrats-win-the-new-jersey-senate-race-in-2026,630857,Both venue candidates; review
281,Will the Republican Party win the Nebraska Senate?,https://sig.thesuper.market/markets/281,https://kalshi.com/markets/senatene/senatene-26,SENATENE-26-R,https://polymarket.com/event/nebraska-senate-election-winner/will-the-republicans-win-the-nebraska-senate-race-in-2026,634892,Both venue candidates; review
280,Will the Independent Party win the Nebraska Senate?,https://sig.thesuper.market/markets/280,https://kalshi.com/markets/senatene/senatene-26,SENATENE-26-DOSB,https://polymarket.com/event/nebraska-senate-election-winner/will-an-independent-win-the-nebraska-senate-race-in-2026,634893,Both venue candidates; review
279,Will the Democratic Party win the Nebraska Senate?,https://sig.thesuper.market/markets/279,https://kalshi.com/markets/senatene/senatene-26,SENATENE-26-D,https://polymarket.com/event/nebraska-senate-election-winner/will-the-democrats-win-the-nebraska-senate-race-in-2026,634891,Both venue candidates; review
278,Will the Republican Party win the North Carolina Senate?,https://sig.thesuper.market/markets/278,https://kalshi.com/markets/senatenc/senatenc-26,SENATENC-26-R,https://polymarket.com/event/north-carolina-senate-election-winner/will-the-republicans-win-the-north-carolina-senate-race-in-2026,630884,Both venue candidates; review
277,Will the Democratic Party win the North Carolina Senate?,https://sig.thesuper.market/markets/277,https://kalshi.com/markets/senatenc/senatenc-26,SENATENC-26-D,https://polymarket.com/event/north-carolina-senate-election-winner/will-the-democrats-win-the-north-carolina-senate-race-in-2026,630883,Both venue candidates; review
276,Will the Independent Party win the Montana Senate?,https://sig.thesuper.market/markets/276,https://kalshi.com/markets/senatemt/senatemt-26,SENATEMT-26-IND,https://polymarket.com/event/montana-senate-election-winner/will-an-independent-win-the-montana-senate-race-in-2026,630833,Both venue candidates; review
275,Will the Republican Party win the Montana Senate?,https://sig.thesuper.market/markets/275,https://kalshi.com/markets/senatemt/senatemt-26,SENATEMT-26-R,https://polymarket.com/event/montana-senate-election-winner/will-the-republicans-win-the-montana-senate-race-in-2026,630832,Both venue candidates; review
274,Will the Democratic Party win the Montana Senate?,https://sig.thesuper.market/markets/274,https://kalshi.com/markets/senatemt/senatemt-26,SENATEMT-26-D,https://polymarket.com/event/montana-senate-election-winner/will-the-democrats-win-the-montana-senate-race-in-2026,630831,Both venue candidates; review
273,Will the Republican Party win the Mississippi Senate?,https://sig.thesuper.market/markets/273,https://kalshi.com/markets/senatems/senatems-26,SENATEMS-26-R,https://polymarket.com/event/mississippi-senate-election-winner/will-the-republicans-win-the-mississippi-senate-race-in-2026,631018,Both venue candidates; review
272,Will the Democratic Party win the Mississippi Senate?,https://sig.thesuper.market/markets/272,https://kalshi.com/markets/senatems/senatems-26,SENATEMS-26-D,https://polymarket.com/event/mississippi-senate-election-winner/will-the-democrats-win-the-mississippi-senate-race-in-2026,631017,Both venue candidates; review
271,Will the Republican Party win the Maine Senate?,https://sig.thesuper.market/markets/271,https://kalshi.com/markets/senateme/senateme-26,SENATEME-26-R,https://polymarket.com/event/maine-senate-election-winner/will-the-republicans-win-the-maine-senate-race-in-2026,630773,Both venue candidates; review
270,Will the Democratic Party win the Maine Senate?,https://sig.thesuper.market/markets/270,https://kalshi.com/markets/senateme/senateme-26,SENATEME-26-D,https://polymarket.com/event/maine-senate-election-winner/will-the-democrats-win-the-maine-senate-race-in-2026,630772,Both venue candidates; review
269,Will the Republican Party win the Louisiana Senate?,https://sig.thesuper.market/markets/269,https://kalshi.com/markets/kxsenatela/kxsenatela-26nov,KXSENATELA-26NOV-R,https://polymarket.com/event/louisiana-senate-election-winner/will-the-republicans-win-the-louisiana-senate-race-in-2026,634879,Both venue candidates; review
268,Will the Democratic Party win the Louisiana Senate?,https://sig.thesuper.market/markets/268,https://kalshi.com/markets/kxsenatela/kxsenatela-26nov,KXSENATELA-26NOV-D,https://polymarket.com/event/louisiana-senate-election-winner/will-the-democrats-win-the-louisiana-senate-race-in-2026,634878,Both venue candidates; review
267,Will the Republican Party win the Kentucky Senate?,https://sig.thesuper.market/markets/267,https://kalshi.com/markets/senatela/senatela-26,SENATELA-26-R,https://polymarket.com/event/kentucky-senate-election-winner/will-the-republicans-win-the-kentucky-senate-race-in-2026,630760,Both venue candidates; review
266,Will the Democratic Party win the Kentucky Senate?,https://sig.thesuper.market/markets/266,https://kalshi.com/markets/senatela/senatela-26,SENATELA-26-D,https://polymarket.com/event/kentucky-senate-election-winner/will-the-democrats-win-the-kentucky-senate-race-in-2026,630759,Both venue candidates; review
265,Will the Republican Party win the Illinois Senate?,https://sig.thesuper.market/markets/265,https://kalshi.com/markets/senateil/senateil-26,SENATEIL-26-R,https://polymarket.com/event/illinois-senate-election-winner/will-the-republicans-win-the-illinois-senate-race-in-2026,630721,Both venue candidates; review
264,Will the Democratic Party win the Illinois Senate?,https://sig.thesuper.market/markets/264,https://kalshi.com/markets/senateil/senateil-26,SENATEIL-26-D,https://polymarket.com/event/illinois-senate-election-winner/will-the-democrats-win-the-illinois-senate-race-in-2026,630720,Both venue candidates; review
263,Will the Republican Party win the Idaho Senate?,https://sig.thesuper.market/markets/263,https://kalshi.com/markets/senateid/senateid-26,SENATEID-26-R,https://polymarket.com/event/idaho-senate-election-winner/will-the-republicans-win-the-idaho-senate-race-in-2026,630706,Both venue candidates; review
262,Will the Democratic Party win the Idaho Senate?,https://sig.thesuper.market/markets/262,https://kalshi.com/markets/senateid/senateid-26,SENATEID-26-D,https://polymarket.com/event/idaho-senate-election-winner/will-the-democrats-win-the-idaho-senate-race-in-2026,630705,Both venue candidates; review
261,Will the Republican Party win the Iowa Senate?,https://sig.thesuper.market/markets/261,https://kalshi.com/markets/senateia/senateia-26,SENATEIA-26-R,https://polymarket.com/event/iowa-senate-election-winner/will-the-republicans-win-the-iowa-senate-race-in-2026,630734,Both venue candidates; review
260,Will the Democratic Party win the Iowa Senate?,https://sig.thesuper.market/markets/260,https://kalshi.com/markets/senateia/senateia-26,SENATEIA-26-D,https://polymarket.com/event/iowa-senate-election-winner/will-the-democrats-win-the-iowa-senate-race-in-2026,630733,Both venue candidates; review
259,Will the Republican Party win the Georgia Senate?,https://sig.thesuper.market/markets/259,https://kalshi.com/markets/senatega/senatega-26,SENATEGA-26-R,https://polymarket.com/event/georgia-senate-election-winner/will-the-republicans-win-the-georgia-senate-race-in-2026,630693,Both venue candidates; review
258,Will the Democratic Party win the Georgia Senate?,https://sig.thesuper.market/markets/258,https://kalshi.com/markets/senatega/senatega-26,SENATEGA-26-D,https://polymarket.com/event/georgia-senate-election-winner/will-the-democrats-win-the-georgia-senate-race-in-2026,630692,Both venue candidates; review
257,Will the Republican Party win the Colorado Senate?,https://sig.thesuper.market/markets/257,https://kalshi.com/markets/senateco/senateco-26,SENATECO-26-R,https://polymarket.com/event/colorado-senate-election-winner/will-the-republicans-win-the-colorado-senate-race-in-2026,630667,Both venue candidates; review
256,Will the Democratic Party win the Colorado Senate?,https://sig.thesuper.market/markets/256,https://kalshi.com/markets/senateco/senateco-26,SENATECO-26-D,https://polymarket.com/event/colorado-senate-election-winner/will-the-democrats-win-the-colorado-senate-race-in-2026,630666,Both venue candidates; review
255,Will the Republican Party win the Arkansas Senate?,https://sig.thesuper.market/markets/255,https://kalshi.com/markets/senatear/senatear-26,SENATEAR-26-R,https://polymarket.com/event/arkansas-senate-election-winner/will-the-republicans-win-the-arkansas-senate-race-in-2026,630654,Both venue candidates; review
254,Will the Democratic Party win the Arkansas Senate?,https://sig.thesuper.market/markets/254,https://kalshi.com/markets/senatear/senatear-26,SENATEAR-26-D,https://polymarket.com/event/arkansas-senate-election-winner/will-the-democrats-win-the-arkansas-senate-race-in-2026,630653,Both venue candidates; review
253,Will the Republican Party win the Alabama Senate?,https://sig.thesuper.market/markets/253,https://kalshi.com/markets/senateal/senateal-26,SENATEAL-26-R,https://polymarket.com/event/alabama-senate-election-winner-154/will-the-republicans-win-the-alabama-senate-race-in-2026,630628,Both venue candidates; review
252,Will the Democratic Party win the Alabama Senate?,https://sig.thesuper.market/markets/252,https://kalshi.com/markets/senateal/senateal-26,SENATEAL-26-D,https://polymarket.com/event/alabama-senate-election-winner-154/will-the-democrats-win-the-alabama-senate-race-in-2026,630627,Both venue candidates; review
251,Will the Democratic Party win the VA-07 House race?,https://sig.thesuper.market/markets/251,https://kalshi.com/markets/houseva7/houseva7-26,HOUSEVA7-26-D,https://polymarket.com/event/va-07-house-election-winner/will-the-democratic-party-win-the-va-07-house-seat,944298,Both venue candidates; review
250,Will the Republican Party win the VA-02 House race?,https://sig.thesuper.market/markets/250,https://kalshi.com/markets/houseva2/houseva2-26,HOUSEVA2-26-R,https://polymarket.com/event/va-02-house-election-winner/will-the-republican-party-win-the-va-02-house-seat,944289,Both venue candidates; review
249,Will the Republican Party win the VA-01 House race?,https://sig.thesuper.market/markets/249,https://kalshi.com/markets/houseva1/houseva1-26,HOUSEVA1-26-R,https://polymarket.com/event/va-01-house-election-winner/will-the-republican-party-win-the-va-01-house-seat,944281,Both venue candidates; review
248,Will the Republican Party win the TX-28 House race?,https://sig.thesuper.market/markets/248,https://kalshi.com/markets/housetx28/housetx28-26,HOUSETX28-26-R,https://polymarket.com/event/tx-28-house-election-winner/will-the-republican-party-win-the-tx-28-house-seat,944221,Both venue candidates; review
247,Will the Democratic Party win the TX-28 House race?,https://sig.thesuper.market/markets/247,https://kalshi.com/markets/housetx28/housetx28-26,HOUSETX28-26-D,https://polymarket.com/event/tx-28-house-election-winner/will-the-democratic-party-win-the-tx-28-house-seat,944222,Both venue candidates; review
246,Will the Republican Party win the TX-23 House race?,https://sig.thesuper.market/markets/246,,,,,No venue match found
245,Will the Democratic Party win the TX-23 House race?,https://sig.thesuper.market/markets/245,,,,,No venue match found
244,Will the Republican Party win the TX-15 House race?,https://sig.thesuper.market/markets/244,https://kalshi.com/markets/housetx15/housetx15-26,HOUSETX15-26-R,https://polymarket.com/event/tx-15-house-election-winner/will-the-republican-party-win-the-tx-15-house-seat,944199,Both venue candidates; review
243,Will the Democratic Party win the TX-15 House race?,https://sig.thesuper.market/markets/243,https://kalshi.com/markets/housetx15/housetx15-26,HOUSETX15-26-D,https://polymarket.com/event/tx-15-house-election-winner/will-the-democratic-party-win-the-tx-15-house-seat,944201,Both venue candidates; review
242,Will the Republican Party win the SC-01 House race?,https://sig.thesuper.market/markets/242,,,,,No venue match found
241,Will the Democratic Party win the SC-01 House race?,https://sig.thesuper.market/markets/241,,,,,No venue match found
240,Will the Republican Party win the PA-10 House race?,https://sig.thesuper.market/markets/240,https://kalshi.com/markets/housepa10/housepa10-26,HOUSEPA10-26-R,https://polymarket.com/event/pa-10-house-election-winner/will-the-republican-party-win-the-pa-10-house-seat,943954,Both venue candidates; review
239,Will the Democratic Party win the PA-10 House race?,https://sig.thesuper.market/markets/239,https://kalshi.com/markets/housepa10/housepa10-26,HOUSEPA10-26-D,https://polymarket.com/event/pa-10-house-election-winner/will-the-democratic-party-win-the-pa-10-house-seat,943955,Both venue candidates; review
238,Will the Republican Party win the PA-08 House race?,https://sig.thesuper.market/markets/238,https://kalshi.com/markets/housepa8/housepa8-26,HOUSEPA8-26-R,https://polymarket.com/event/pa-08-house-election-winner/will-the-republican-party-win-the-pa-08-house-seat,943942,Both venue candidates; review
237,Will the Democratic Party win the PA-08 House race?,https://sig.thesuper.market/markets/237,https://kalshi.com/markets/housepa8/housepa8-26,HOUSEPA8-26-D,https://polymarket.com/event/pa-08-house-election-winner/will-the-democratic-party-win-the-pa-08-house-seat,943943,Both venue candidates; review
236,Will the Republican Party win the PA-07 House race?,https://sig.thesuper.market/markets/236,https://kalshi.com/markets/housepa7/housepa7-26,HOUSEPA7-26-R,https://polymarket.com/event/pa-07-house-election-winner/will-the-republican-party-win-the-pa-07-house-seat,943796,Both venue candidates; review
235,Will the Democratic Party win the PA-07 House race?,https://sig.thesuper.market/markets/235,https://kalshi.com/markets/housepa7/housepa7-26,HOUSEPA7-26-D,https://polymarket.com/event/pa-07-house-election-winner/will-the-democratic-party-win-the-pa-07-house-seat,943797,Both venue candidates; review
234,Will the Republican Party win the PA-01 House race?,https://sig.thesuper.market/markets/234,https://kalshi.com/markets/housepa1/housepa1-26,HOUSEPA1-26-R,https://polymarket.com/event/pa-01-house-election-winner/will-the-republican-party-win-the-pa-01-house-seat,943748,Both venue candidates; review
233,Will the Democratic Party win the PA-01 House race?,https://sig.thesuper.market/markets/233,https://kalshi.com/markets/housepa1/housepa1-26,HOUSEPA1-26-D,https://polymarket.com/event/pa-01-house-election-winner/will-the-democratic-party-win-the-pa-01-house-seat,943749,Both venue candidates; review
232,Will the Republican Party win the NY-17 House race?,https://sig.thesuper.market/markets/232,https://kalshi.com/markets/houseny17/houseny17-26,HOUSENY17-26-R,https://polymarket.com/event/ny-17-house-election-winner/will-the-republican-party-win-the-ny-17-house-seat,943440,Both venue candidates; review
231,Will the Democratic Party win the NY-17 House race?,https://sig.thesuper.market/markets/231,https://kalshi.com/markets/houseny17/houseny17-26,HOUSENY17-26-D,https://polymarket.com/event/ny-17-house-election-winner/will-the-democratic-party-win-the-ny-17-house-seat,943441,Both venue candidates; review
230,Will the Republican Party win the NY-13 House race?,https://sig.thesuper.market/markets/230,,,,,No venue match found
229,Will the Democratic Party win the NY-13 House race?,https://sig.thesuper.market/markets/229,,,,,No venue match found
228,Will the Republican Party win the NJ-07 House race?,https://sig.thesuper.market/markets/228,https://kalshi.com/markets/housenj7/housenj7-26,HOUSENJ7-26-R,https://polymarket.com/event/nj-07-house-election-winner/will-the-republican-party-win-the-nj-07-house-seat,942978,Both venue candidates; review
227,Will the Democratic Party win the NJ-07 House race?,https://sig.thesuper.market/markets/227,https://kalshi.com/markets/housenj7/housenj7-26,HOUSENJ7-26-D,https://polymarket.com/event/nj-07-house-election-winner/will-the-democratic-party-win-the-nj-07-house-seat,942979,Both venue candidates; review
226,Will the Republican Party win the NE-02 House race?,https://sig.thesuper.market/markets/226,https://kalshi.com/markets/housene2/housene2-26,HOUSENE2-26-R,https://polymarket.com/event/ne-02-house-election-winner/will-the-republican-party-win-the-ne-02-house-seat,942877,Both venue candidates; review
225,Will the Democratic Party win the NE-02 House race?,https://sig.thesuper.market/markets/225,https://kalshi.com/markets/housene2/housene2-26,HOUSENE2-26-D,https://polymarket.com/event/ne-02-house-election-winner/will-the-democratic-party-win-the-ne-02-house-seat,942878,Both venue candidates; review
224,Will the Republican Party win the MT-01 House race?,https://sig.thesuper.market/markets/224,https://kalshi.com/markets/housemt1/housemt1-26,HOUSEMT1-26-R,https://polymarket.com/event/mt-01-house-election-winner/will-the-republican-party-win-the-mt-01-house-seat,942841,Both venue candidates; review
223,Will the Democratic Party win the MT-01 House race?,https://sig.thesuper.market/markets/223,https://kalshi.com/markets/housemt1/housemt1-26,HOUSEMT1-26-D,https://polymarket.com/event/mt-01-house-election-winner/will-the-democratic-party-win-the-mt-01-house-seat,942843,Both venue candidates; review
222,Will the Republican Party win the ME-02 House race?,https://sig.thesuper.market/markets/222,https://kalshi.com/markets/houseme2/houseme2-26,HOUSEME2-26-R,,,Kalshi candidate; Polymarket unresolved
221,Will the Democratic Party win the ME-02 House race?,https://sig.thesuper.market/markets/221,https://kalshi.com/markets/houseme2/houseme2-26,HOUSEME2-26-D,,,Kalshi candidate; Polymarket unresolved
220,Will the Republican Party win the KY-04 House race?,https://sig.thesuper.market/markets/220,,,,,No venue match found
219,Will the Democratic Party win the KY-04 House race?,https://sig.thesuper.market/markets/219,,,,,No venue match found
218,Will the Republican Party win the IA-03 House race?,https://sig.thesuper.market/markets/218,https://kalshi.com/markets/houseia3/houseia3-26,HOUSEIA3-26-R,https://polymarket.com/event/ia-03-house-election-winner/will-the-republican-party-win-the-ia-03-house-seat,942444,Both venue candidates; review
217,Will the Democratic Party win the IA-03 House race?,https://sig.thesuper.market/markets/217,https://kalshi.com/markets/houseia3/houseia3-26,HOUSEIA3-26-D,https://polymarket.com/event/ia-03-house-election-winner/will-the-democratic-party-win-the-ia-03-house-seat,942445,Both venue candidates; review
216,Will the Republican Party win the IA-02 House race?,https://sig.thesuper.market/markets/216,,,,,No venue match found
215,Will the Democratic Party win the IA-02 House race?,https://sig.thesuper.market/markets/215,,,,,No venue match found
214,Will the Republican Party win the IA-01 House race?,https://sig.thesuper.market/markets/214,https://kalshi.com/markets/houseia1/houseia1-26,HOUSEIA1-26-R,https://polymarket.com/event/ia-01-house-election-winner/will-the-republican-party-win-the-ia-01-house-seat,942432,Both venue candidates; review
213,Will the Democratic Party win the IA-01 House race?,https://sig.thesuper.market/markets/213,https://kalshi.com/markets/houseia1/houseia1-26,HOUSEIA1-26-D,https://polymarket.com/event/ia-01-house-election-winner/will-the-democratic-party-win-the-ia-01-house-seat,942433,Both venue candidates; review
212,Will the Republican Party win the FL-13 House race?,https://sig.thesuper.market/markets/212,https://kalshi.com/markets/housefl13/housefl13-26,HOUSEFL13-26-R,https://polymarket.com/event/fl-13-house-election-winner/will-the-republican-party-win-the-fl-13-house-seat,942400,Both venue candidates; review
211,Will the Democratic Party win the FL-09 House race?,https://sig.thesuper.market/markets/211,,,,,No venue match found
210,Will the Republican Party win the CO-08 House race?,https://sig.thesuper.market/markets/210,https://kalshi.com/markets/houseco8/houseco8-26,HOUSECO8-26-R,https://polymarket.com/event/co-08-house-election-winner/will-the-republican-party-win-the-co-08-house-seat,942324,Both venue candidates; review
209,Will the Democratic Party win the CO-08 House race?,https://sig.thesuper.market/markets/209,https://kalshi.com/markets/houseco8/houseco8-26,HOUSECO8-26-D,https://polymarket.com/event/co-08-house-election-winner/will-the-democratic-party-win-the-co-08-house-seat,942325,Both venue candidates; review
208,Will the Republican Party win the CO-04 House race?,https://sig.thesuper.market/markets/208,,,,,No venue match found
207,Will the Democratic Party win the CO-04 House race?,https://sig.thesuper.market/markets/207,,,,,No venue match found
206,Will the Republican Party win the CO-03 House race?,https://sig.thesuper.market/markets/206,https://kalshi.com/markets/houseco3/houseco3-26,HOUSECO3-26-R,https://polymarket.com/event/co-03-house-election-winner/will-the-republican-party-win-the-co-03-house-seat,942301,Both venue candidates; review
205,Will the Democratic Party win the CO-03 House race?,https://sig.thesuper.market/markets/205,https://kalshi.com/markets/houseco3/houseco3-26,HOUSECO3-26-D,https://polymarket.com/event/co-03-house-election-winner/will-the-democratic-party-win-the-co-03-house-seat,942304,Both venue candidates; review
204,Will the Republican Party win the CA-48 House race?,https://sig.thesuper.market/markets/204,,,,,No venue match found
203,Will the Democratic Party win the CA-48 House race?,https://sig.thesuper.market/markets/203,,,,,No venue match found
202,Will the Republican Party win the CA-22 House race?,https://sig.thesuper.market/markets/202,https://kalshi.com/markets/houseca22/houseca22-26,HOUSECA22-26-R,https://polymarket.com/event/which-party-will-win-the-house-race-for-the-ca-22-seat/will-the-republican-party-win-the-ca-22-house-seat,703685,Both venue candidates; review
201,Will the Democratic Party win the CA-22 House race?,https://sig.thesuper.market/markets/201,https://kalshi.com/markets/houseca22/houseca22-26,HOUSECA22-26-D,https://polymarket.com/event/which-party-will-win-the-house-race-for-the-ca-22-seat/will-the-democratic-party-win-the-ca-22-house-seat,703686,Both venue candidates; review
200,Will the Republican Party win the AZ-06 House race?,https://sig.thesuper.market/markets/200,https://kalshi.com/markets/houseaz6/houseaz6-26,HOUSEAZ6-26-R,https://polymarket.com/event/az-06-house-election-winner/will-the-republican-party-win-the-az-06-house-seat,942159,Both venue candidates; review
199,Will the Democratic Party win the AZ-06 House race?,https://sig.thesuper.market/markets/199,https://kalshi.com/markets/houseaz6/houseaz6-26,HOUSEAZ6-26-D,https://polymarket.com/event/az-06-house-election-winner/will-the-democratic-party-win-the-az-06-house-seat,942162,Both venue candidates; review
198,Will the Republican Party win the AZ-01 House race?,https://sig.thesuper.market/markets/198,https://kalshi.com/markets/houseaz1/houseaz1-26,HOUSEAZ1-26-R,https://polymarket.com/event/az-01-house-election-winner/will-the-republican-party-win-the-az-01-house-seat,942082,Both venue candidates; review
197,Will the Democratic Party win the AZ-01 House race?,https://sig.thesuper.market/markets/197,https://kalshi.com/markets/houseaz1/houseaz1-26,HOUSEAZ1-26-D,https://polymarket.com/event/az-01-house-election-winner/will-the-democratic-party-win-the-az-01-house-seat,942084,Both venue candidates; review
196,Will the Republican Party win the Texas Governor?,https://sig.thesuper.market/markets/196,https://kalshi.com/markets/govpartytx/govpartytx-26,GOVPARTYTX-26-R,https://polymarket.com/event/texas-governor-winner-2026/will-the-republicans-win-the-texas-governor-race-in-2026,629691,Both venue candidates; review
195,Will the Democratic Party win the Texas Governor?,https://sig.thesuper.market/markets/195,https://kalshi.com/markets/govpartytx/govpartytx-26,GOVPARTYTX-26-D,https://polymarket.com/event/texas-governor-winner-2026/will-the-democrats-win-the-texas-governor-race-in-2026,629690,Both venue candidates; review
194,Will the Democratic Party win the South Dakota Governor?,https://sig.thesuper.market/markets/194,https://kalshi.com/markets/govpartysd/govpartysd-26,GOVPARTYSD-26-D,https://polymarket.com/event/south-dakota-governor-winner-2026/will-the-democrats-win-the-south-dakota-governor-race-in-2026,629653,Both venue candidates; review
193,Will the Republican Party win the South Carolina Governor?,https://sig.thesuper.market/markets/193,https://kalshi.com/markets/govpartysc/govpartysc-26,GOVPARTYSC-26-R,https://polymarket.com/event/south-carolina-governor-winner-2026/will-the-republicans-win-the-south-carolina-governor-race-in-2026,629641,Both venue candidates; review
192,Will the Democratic Party win the South Carolina Governor?,https://sig.thesuper.market/markets/192,https://kalshi.com/markets/govpartysc/govpartysc-26,GOVPARTYSC-26-D,https://polymarket.com/event/south-carolina-governor-winner-2026/will-the-democrats-win-the-south-carolina-governor-race-in-2026,629640,Both venue candidates; review
191,Will the Independent Party win the Rhode Island Governor?,https://sig.thesuper.market/markets/191,,,https://polymarket.com/event/rhode-island-governor-winner-2026/will-an-independent-win-the-rhode-island-governor-race-in-2026,629629,Polymarket candidate; Kalshi unresolved
190,Will the Republican Party win the Pennsylvania Governor?,https://sig.thesuper.market/markets/190,https://kalshi.com/markets/govpartypa/govpartypa-26,GOVPARTYPA-26-R,https://polymarket.com/event/pennsylvania-governor-winner-2026/will-the-republicans-win-the-pennsylvania-governor-race-in-2026,629615,Both venue candidates; review
189,Will the Democratic Party win the Pennsylvania Governor?,https://sig.thesuper.market/markets/189,https://kalshi.com/markets/govpartypa/govpartypa-26,GOVPARTYPA-26-D,https://polymarket.com/event/pennsylvania-governor-winner-2026/will-the-democrats-win-the-pennsylvania-governor-race-in-2026,629614,Both venue candidates; review
188,Will the Republican Party win the Oregon Governor?,https://sig.thesuper.market/markets/188,https://kalshi.com/markets/govpartyor/govpartyor-26,GOVPARTYOR-26-R,https://polymarket.com/event/oregon-governor-winner-2026/will-the-republicans-win-the-oregon-governor-race-in-2026,629584,Both venue candidates; review
187,Will the Democratic Party win the Oregon Governor?,https://sig.thesuper.market/markets/187,https://kalshi.com/markets/govpartyor/govpartyor-26,GOVPARTYOR-26-D,https://polymarket.com/event/oregon-governor-winner-2026/will-the-democrats-win-the-oregon-governor-race-in-2026,629583,Both venue candidates; review
186,Will the Democratic Party win the Oklahoma Governor?,https://sig.thesuper.market/markets/186,https://kalshi.com/markets/govpartyok/govpartyok-26,GOVPARTYOK-26-D,https://polymarket.com/event/oklahoma-governor-winner-2026/will-the-democrats-win-the-oklahoma-governor-race-in-2026,629570,Both venue candidates; review
185,Will the Republican Party win the New York Governor?,https://sig.thesuper.market/markets/185,https://kalshi.com/markets/govpartyny/govpartyny-26,GOVPARTYNY-26-R,https://polymarket.com/event/new-york-governor-winner-2026/will-the-republicans-win-the-new-york-governor-race-in-2026,629545,Both venue candidates; review
184,Will the Democratic Party win the New York Governor?,https://sig.thesuper.market/markets/184,https://kalshi.com/markets/govpartyny/govpartyny-26,GOVPARTYNY-26-D,https://polymarket.com/event/new-york-governor-winner-2026/will-the-democrats-win-the-new-york-governor-race-in-2026,629544,Both venue candidates; review
183,Will the Republican Party win the Nevada Governor?,https://sig.thesuper.market/markets/183,https://kalshi.com/markets/govpartynv/govpartynv-26,GOVPARTYNV-26-R,https://polymarket.com/event/nevada-governor-winner-2026/will-the-republicans-win-the-nevada-governor-race-in-2026,629506,Both venue candidates; review
182,Will the Democratic Party win the Nevada Governor?,https://sig.thesuper.market/markets/182,https://kalshi.com/markets/govpartynv/govpartynv-26,GOVPARTYNV-26-D,https://polymarket.com/event/nevada-governor-winner-2026/will-the-democrats-win-the-nevada-governor-race-in-2026,629505,Both venue candidates; review
181,Will the Republican Party win the New Mexico Governor?,https://sig.thesuper.market/markets/181,https://kalshi.com/markets/govpartynm/govpartynm-26,GOVPARTYNM-26-R,https://polymarket.com/event/new-mexico-governor-winner-2026/will-the-republicans-win-the-new-mexico-governor-race-in-2026,629532,Both venue candidates; review
180,Will the Democratic Party win the New Mexico Governor?,https://sig.thesuper.market/markets/180,https://kalshi.com/markets/govpartynm/govpartynm-26,GOVPARTYNM-26-D,https://polymarket.com/event/new-mexico-governor-winner-2026/will-the-democrats-win-the-new-mexico-governor-race-in-2026,629531,Both venue candidates; review
179,Will the Republican Party win the Nebraska Governor?,https://sig.thesuper.market/markets/179,,,https://polymarket.com/event/nebraska-governor-winner-2026/will-the-republicans-win-the-nebraska-governor-race-in-2026,629491,Polymarket candidate; Kalshi unresolved
178,Will the Democratic Party win the Nebraska Governor?,https://sig.thesuper.market/markets/178,,,https://polymarket.com/event/nebraska-governor-winner-2026/will-the-democrats-win-the-nebraska-governor-race-in-2026,629490,Polymarket candidate; Kalshi unresolved
177,Will the Republican Party win the Maine Governor?,https://sig.thesuper.market/markets/177,https://kalshi.com/markets/govpartyme/govpartyme-26,GOVPARTYME-26-R,https://polymarket.com/event/maine-governor-winner-2026/will-the-republicans-win-the-maine-governor-race-in-2026,629426,Both venue candidates; review
176,Will the Democratic Party win the Maine Governor?,https://sig.thesuper.market/markets/176,https://kalshi.com/markets/govpartyme/govpartyme-26,GOVPARTYME-26-D,https://polymarket.com/event/maine-governor-winner-2026/will-the-democrats-win-the-maine-governor-race-in-2026,629425,Both venue candidates; review
175,Will the Republican Party win the Maryland Governor?,https://sig.thesuper.market/markets/175,https://kalshi.com/markets/govpartymd/govpartymd-26,GOVPARTYMD-26-R,https://polymarket.com/event/maryland-governor-winner-2026/will-the-republicans-win-the-maryland-governor-race-in-2026,629439,Both venue candidates; review
174,Will the Democratic Party win the Maryland Governor?,https://sig.thesuper.market/markets/174,https://kalshi.com/markets/govpartymd/govpartymd-26,GOVPARTYMD-26-D,https://polymarket.com/event/maryland-governor-winner-2026/will-the-democrats-win-the-maryland-governor-race-in-2026,629438,Both venue candidates; review
173,Will the Republican Party win the Illinois Governor?,https://sig.thesuper.market/markets/173,https://kalshi.com/markets/govpartyil/govpartyil-26,GOVPARTYIL-26-R,https://polymarket.com/event/illinois-governor-winner-2026/will-the-republicans-win-the-illinois-governor-race-in-2026,629377,Both venue candidates; review
172,Will the Democratic Party win the Illinois Governor?,https://sig.thesuper.market/markets/172,https://kalshi.com/markets/govpartyil/govpartyil-26,GOVPARTYIL-26-D,https://polymarket.com/event/illinois-governor-winner-2026/will-the-democrats-win-the-illinois-governor-race-in-2026,629376,Both venue candidates; review
171,Will the Republican Party win the Idaho Governor?,https://sig.thesuper.market/markets/171,https://kalshi.com/markets/govpartyid/govpartyid-26,GOVPARTYID-26-R,https://polymarket.com/event/idaho-governor-winner-2026/will-the-republicans-win-the-idaho-governor-race-in-2026,629364,Both venue candidates; review
170,Will the Democratic Party win the Idaho Governor?,https://sig.thesuper.market/markets/170,https://kalshi.com/markets/govpartyid/govpartyid-26,GOVPARTYID-26-D,https://polymarket.com/event/idaho-governor-winner-2026/will-the-democrats-win-the-idaho-governor-race-in-2026,629363,Both venue candidates; review
169,Will the Republican Party win the Iowa Governor?,https://sig.thesuper.market/markets/169,https://kalshi.com/markets/govpartyia/govpartyia-26,GOVPARTYIA-26-R,https://polymarket.com/event/iowa-governor-winner-2026/will-the-republicans-win-the-iowa-governor-race-in-2026,629398,Both venue candidates; review
168,Will the Democratic Party win the Iowa Governor?,https://sig.thesuper.market/markets/168,https://kalshi.com/markets/govpartyia/govpartyia-26,GOVPARTYIA-26-D,https://polymarket.com/event/iowa-governor-winner-2026/will-the-democrats-win-the-iowa-governor-race-in-2026,629397,Both venue candidates; review
167,Will the Republican Party win the Georgia Governor?,https://sig.thesuper.market/markets/167,https://kalshi.com/markets/govpartyga/govpartyga-26,GOVPARTYGA-26-R,https://polymarket.com/event/georgia-governor-winner-2026/will-the-republicans-win-the-georgia-governor-race-in-2026,629338,Both venue candidates; review
166,Will the Democratic Party win the Georgia Governor?,https://sig.thesuper.market/markets/166,https://kalshi.com/markets/govpartyga/govpartyga-26,GOVPARTYGA-26-D,https://polymarket.com/event/georgia-governor-winner-2026/will-the-democrats-win-the-georgia-governor-race-in-2026,629337,Both venue candidates; review
165,Will the Republican Party win the Connecticut Governor?,https://sig.thesuper.market/markets/165,https://kalshi.com/markets/govpartyct/govpartyct-26,GOVPARTYCT-26-R,https://polymarket.com/event/connecticut-governor-winner-2026/will-the-republicans-win-the-connecticut-governor-race-in-2026,629312,Both venue candidates; review
164,Will the Republican Party win the Colorado Governor?,https://sig.thesuper.market/markets/164,https://kalshi.com/markets/govpartyco/govpartyco-26,GOVPARTYCO-26-R,https://polymarket.com/event/colorado-governor-winner-2026/will-the-republicans-win-the-colorado-governor-race-in-2026,629297,Both venue candidates; review
163,Will the Democratic Party win the Colorado Governor?,https://sig.thesuper.market/markets/163,https://kalshi.com/markets/govpartyco/govpartyco-26,GOVPARTYCO-26-D,https://polymarket.com/event/colorado-governor-winner-2026/will-the-democrats-win-the-colorado-governor-race-in-2026,629296,Both venue candidates; review
162,Will the Republican Party win the California Governor?,https://sig.thesuper.market/markets/162,https://kalshi.com/markets/govpartyca/govpartyca-26,GOVPARTYCA-26-R,,,Kalshi candidate; Polymarket unresolved
161,Will the Democratic Party win the California Governor?,https://sig.thesuper.market/markets/161,https://kalshi.com/markets/govpartyca/govpartyca-26,GOVPARTYCA-26-D,,,Kalshi candidate; Polymarket unresolved
160,Will the Republican Party win the Arizona Governor?,https://sig.thesuper.market/markets/160,https://kalshi.com/markets/govpartyaz/govpartyaz-26,GOVPARTYAZ-26-R,https://polymarket.com/event/arizona-governor-winner-2026/will-the-republican-win-the-arizona-governor-race-in-2026,629184,Both venue candidates; review
159,Will the Democratic Party win the Arizona Governor?,https://sig.thesuper.market/markets/159,https://kalshi.com/markets/govpartyaz/govpartyaz-26,GOVPARTYAZ-26-D,https://polymarket.com/event/arizona-governor-winner-2026/will-the-democrat-win-the-arizona-governor-race-in-2026,629183,Both venue candidates; review
158,Will the Republican Party win the Arkansas Governor?,https://sig.thesuper.market/markets/158,https://kalshi.com/markets/govpartyar/govpartyar-26,GOVPARTYAR-26-R,https://polymarket.com/event/arkansas-governor-winner-2026/will-the-republicans-win-the-arkansas-governor-race-in-2026,629284,Both venue candidates; review
157,Will the Democratic Party win the Arkansas Governor?,https://sig.thesuper.market/markets/157,https://kalshi.com/markets/govpartyar/govpartyar-26,GOVPARTYAR-26-D,https://polymarket.com/event/arkansas-governor-winner-2026/will-the-democrats-win-the-arkansas-governor-race-in-2026,629283,Both venue candidates; review
156,Will the Republican Party win the Alabama Governor?,https://sig.thesuper.market/markets/156,https://kalshi.com/markets/govpartyal/govpartyal-26,GOVPARTYAL-26-R,https://polymarket.com/event/alabama-governor-winner-2026/will-the-republicans-win-the-alabama-governor-race-in-2026,629271,Both venue candidates; review
155,Will the Democratic Party win the Alabama Governor?,https://sig.thesuper.market/markets/155,https://kalshi.com/markets/govpartyal/govpartyal-26,GOVPARTYAL-26-D,https://polymarket.com/event/alabama-governor-winner-2026/will-the-democrats-win-the-alabama-governor-race-in-2026,629270,Both venue candidates; review
154,Will the Republican Party win the U.S. Senate?,https://sig.thesuper.market/markets/154,https://kalshi.com/markets/controls/senate-winner/controls-2026,CONTROLS-2026-R,https://polymarket.com/event/which-party-will-win-the-senate-in-2026/will-the-republican-party-control-the-senate-after-the-2026-midterm-elections,562794,Both venue candidates; review
153,Will the Democratic Party win the U.S. Senate?,https://sig.thesuper.market/markets/153,https://kalshi.com/markets/controls/senate-winner/controls-2026,CONTROLS-2026-D,https://polymarket.com/event/which-party-will-win-the-senate-in-2026/will-the-democratic-party-control-the-senate-after-the-2026-midterm-elections,562793,Both venue candidates; review
152,Will the Republican Party win the U.S. House?,https://sig.thesuper.market/markets/152,https://kalshi.com/markets/controlh/house-winner/controlh-2026,CONTROLH-2026-R,https://polymarket.com/event/which-party-will-win-the-house-in-2026/will-the-republican-party-control-the-house-after-the-2026-midterm-elections,562803,Both venue candidates; review
151,Will the Democratic Party win the U.S. House?,https://sig.thesuper.market/markets/151,https://kalshi.com/markets/controlh/house-winner/controlh-2026,CONTROLH-2026-D,https://polymarket.com/event/which-party-will-win-the-house-in-2026/will-the-democratic-party-control-the-house-after-the-2026-midterm-elections,562802,Both venue candidates; review
